{"exact_6686141746825356647": 1781571034.553429, "exact_-8506310531939634140": 1781571037.2963014, "exact_7417220011732313947": 1781571037.4359138, "exact_4398500351153600998": 1781571038.3966792, "exact_7603525560811316628": 1781571045.5662668, "레오_general_손절": 1781571072.1336691, "exact_-3138907707362591899": 1781571115.3402474, "exact_5012030054470432008": 1781571315.6220798, "exact_-7211382006537947226": 1781571358.9644358, "exact_-4800684117337468574": 1781571628.2477531}