{"데이브_KRW-NEAR_손절": 1781576896.4099708, "데이브_KRW-NEAR_매도": 1781576898.3923407, "데이브_KRW-SUI_손절": 1781576899.3849008, "데이브_KRW-SUI_매도": 1781576901.8132079, "데이브_KRW-SEI_손절": 1781576902.7516658, "데이브_KRW-SEI_매도": 1781576904.8580024, "데이브_KRW-DOGE_손절": 1781576986.0654647, "데이브_KRW-DOGE_매도": 1781576988.0084293}