{"exact_-7145713934250764990": 1781575516.2157004, "exact_-1905226781767764868": 1781575819.7918518}