{"exact_-7159383112040570689": 1781599993.8625035, "exact_-347812499380042332": 1781600003.8799639, "exact_-4576531975736162237": 1781600013.8929021, "exact_-4942677606591503443": 1781600024.1117663, "exact_9209190095688182737": 1781600034.4429674, "exact_-317170297280030504": 1781600044.4603243, "exact_-4766692264643460490": 1781599645.5483634, "exact_5364310683943713053": 1781599965.781404, "exact_9077534023728953481": 1781599975.7935505, "exact_8343770235604759963": 1781599985.8114185, "exact_3035735238655669968": 1781599766.5438864, "exact_4186361129047217528": 1781599786.6078458, "exact_-2019364560173481157": 1781599796.624352, "exact_-1347605029034020737": 1781599806.6305506, "exact_542748198579626891": 1781600046.791052}