{"exact_-8614209777120262618": 1781696615.1641521, "unknown_general_실패": 1781697086.379999, "exact_3634738505238015897": 1781697151.027961}