{"exact_3111731513271863079": 1781694909.658742, "exact_4505739420747086665": 1781694920.566745, "exact_-3349467628350998228": 1781694921.515651, "exact_-5534985555821415485": 1781694922.4035048, "exact_-106454947288324264": 1781694937.382277, "exact_-1457231181572848204": 1781694953.881365, "exact_6754231014174939540": 1781694958.370274, "exact_9085102834541645215": 1781694959.347251, "exact_9180375888376259430": 1781694970.398783, "exact_3022263183042585480": 1781694989.335403, "exact_5790035571906459585": 1781695031.977823, "exact_-7215812899716075509": 1781695035.814595, "exact_7707156923000441221": 1781695071.633676, "exact_-7158339482803327433": 1781695092.931405, "exact_-5838770052960591268": 1781695093.9459682}