{"exact_-1767409673567169973": 1781663260.7517176, "exact_-8482395917736502823": 1781663510.6731758, "exact_-6338699762369419134": 1781663645.7097502}