{"exact_3416550174517980884": 1781574589.0245447, "exact_3578936981185185340": 1781574609.635147, "exact_3781514002078828102": 1781574618.1149762, "exact_1047615212037668084": 1781574633.514978, "exact_604590296280379667": 1781574645.5861585, "exact_-5104848215000001256": 1781574646.755736, "데이브_KRW-BTC_매도": 1781574649.6187284, "exact_5756230982297922632": 1781574694.5734148}