{"exact_653619804036839974": 1781665556.0614283, "exact_9032916149783648421": 1781665844.0988212}