{"exact_7367489141601129078": 1781747881.560005, "데이브_general_매수": 1781747559.8817465, "데이브_KRW-SEI_매수": 1781747561.5413926, "exact_2896432883707463299": 1781747897.5673244}